YEAR,JAN,FEB,MAR,APR,MAY,JUN,JUL,AUG,SEP,OCT,NOV,DEC,ANNUAL,Jan-Feb,Mar-May,Jun-Sep,Oct-Dec
1901,35.22,40.51,21.1,46.39,70.43,194.61,291.21,301.33,134.15,73.7,64.76,10.81,1284.21,75.72,137.92,921.31,149.26
1902,8.52,8.31,20.95,45.77,72.04,168.82,351.15,239.8,258.61,86.71,43.46,33.15,1337.3,16.81,138.78,1018.39,163.33
1903,16.85,14.34,26.58,16.97,80.24,171.99,362.11,299.48,216.62,125.35,48.52,22.31,1399.91,31.2,123.77,1050.19,197.54
1904,11.7,9.39,28.88,41.4,92.45,237.49,311.97,217.01,167.4,84.55,19.76,14.77,1236.77,21.08,162.73,933.87,119.09
1905,23.2,20.48,40.94,34.75,76.44,164.81,288.31,246.78,179.26,78.17,16.03,17.01,1186.18,43.67,152.13,879.17,111.21
1906,21.2,45.83,26.67,16.21,64.01,234.06,345.57,289.95,179.0,72.14,25.4,27.95,1348.01,67.03,106.9,1048.56,125.51
1907,19.55,39.52,40.61,66.59,53.83,207.62,302.93,338.39,117.51,41.16,50.33,20.36,1298.4,59.07,161.02,966.45,111.85
1908,19.47,19.43,7.66,37.26,72.61,190.37,394.93,326.76,176.58,52.86,16.03,13.27,1327.25,38.9,117.53,1088.67,82.15
1909,24.39,13.45,7.4,65.16,69.28,270.18,356.41,263.46,176.66,54.0,15.2,27.88,1343.46,37.85,141.83,1066.71,97.08
1910,12.53,9.97,19.67,31.33,58.54,281.18,287.33,318.05,226.53,132.05,50.53,8.43,1436.15,22.49,109.54,1113.1,191.01
1911,38.83,4.21,44.35,27.52,69.73,258.15,222.71,232.73,190.38,97.79,50.97,22.55,1259.91,43.03,141.6,903.95,171.33
1912,32.86,20.03,20.89,46.32,60.68,182.42,387.04,293.97,138.74,85.97,60.51,6.86,1336.34,52.9,127.91,1002.19,153.35
1913,8.61,36.53,25.47,27.23,93.66,280.38,324.73,210.93,134.56,94.96,22.88,26.01,1285.96,45.15,146.35,950.61,143.86
1914,3.54,26.27,25.8,45.79,84.31,213.17,418.81,293.7,219.59,67.16,32.52,36.55,1467.21,29.81,155.89,1145.26,136.24
1915,19.02,35.67,45.21,38.79,82.21,210.73,283.41,246.59,202.73,106.62,58.96,18.1,1348.05,54.7,166.22,943.44,183.69
1916,4.07,17.68,11.39,40.77,84.1,304.1,321.08,325.12,249.68,159.91,57.94,6.48,1525.71,21.75,136.26,1165.43,224.33
1917,6.38,39.07,24.32,44.64,84.81,287.06,326.2,321.07,312.15,181.06,37.06,14.52,1620.25,44.61,146.48,1246.46,232.64
1918,13.65,3.69,36.77,40.94,164.9,265.74,217.27,283.72,128.95,31.43,58.44,18.06,1263.53,17.34,242.6,895.67,107.93
1919,47.35,18.05,17.49,36.15,81.28,253.41,358.35,290.34,190.07,110.6,65.48,25.36,1493.94,65.4,134.92,1092.18,201.44
1920,26.2,22.06,58.16,42.3,66.41,234.89,338.09,223.65,160.85,72.5,42.75,5.34,1270.96,46.65,166.89,957.49,120.59
1921,36.43,6.81,19.44,52.87,75.22,245.23,359.82,321.46,234.31,94.98,23.15,15.37,1481.05,43.23,147.55,1166.57,133.49
1922,33.81,11.7,13.23,47.76,69.64,272.8,386.99,257.64,230.49,75.72,79.43,19.42,1498.65,45.51,130.63,1147.94,174.57
1923,21.9,39.31,21.5,35.89,74.67,172.74,425.39,305.46,211.58,67.22,26.3,22.91,1377.78,61.21,124.22,1115.18,116.44
1924,20.9,19.52,13.41,37.68,80.44,215.83,409.59,298.14,266.09,81.68,66.86,14.33,1501.01,40.42,131.54,1189.66,146.82
1925,13.48,11.07,17.02,51.34,128.04,278.04,341.0,281.02,155.91,85.56,50.74,26.33,1439.53,24.55,196.4,1055.97,162.62
1926,37.6,10.76,55.97,41.58,78.13,158.46,384.6,364.83,226.78,75.18,18.84,24.33,1477.06,48.36,175.68,1134.69,118.34
1927,15.27,37.06,23.68,44.52,80.71,240.6,401.63,272.49,204.17,86.42,65.6,10.27,1482.6,52.34,148.91,1125.69,162.31
1928,22.66,39.78,22.21,38.31,78.29,239.3,357.7,284.05,161.31,153.23,27.75,24.99,1450.17,62.43,136.04,1042.38,205.95
1929,30.22,22.79,19.88,66.57,90.11,279.22,332.86,265.14,149.47,124.55,28.39,39.78,1446.06,53.02,176.55,1026.72,193.72
1930,22.55,24.1,28.05,49.66,77.32,251.32,309.7,243.74,215.22,110.74,63.82,18.28,1414.51,46.66,155.03,1019.98,192.84
1931,10.82,31.43,20.82,41.67,77.65,189.14,403.46,356.05,217.7,139.73,47.22,28.41,1562.59,43.13,140.14,1166.37,215.37
1932,7.38,21.3,19.86,35.52,127.76,191.75,379.93,273.23,207.67,97.43,71.97,17.09,1441.17,28.69,183.13,1052.59,186.49
1933,14.99,26.54,21.7,54.33,151.99,281.82,350.26,341.48,258.29,116.81,29.95,18.58,1666.75,41.53,228.02,1231.84,165.36
1934,26.17,17.64,16.61,53.41,58.04,292.69,330.32,330.37,183.6,84.91,43.26,11.04,1448.09,43.81,128.07,1136.98,139.23
1935,25.36,20.47,17.79,46.24,60.58,218.81,353.76,290.38,217.31,68.86,28.55,15.09,1363.21,45.82,124.61,1080.28,112.49
1936,10.57,38.73,38.86,38.05,113.52,311.59,350.3,270.05,219.2,79.86,65.1,28.69,1521.35,49.3,185.9,1151.15,173.66
1937,5.93,50.5,17.48,61.8,76.3,225.79,407.52,235.41,194.08,123.36,30.89,34.13,1463.21,56.44,155.58,1062.81,188.38
1938,29.02,29.79,31.83,42.83,98.22,344.95,350.83,284.12,205.45,94.68,33.6,9.96,1555.32,58.82,172.87,1185.37,138.25
1939,11.92,28.82,27.12,45.93,60.16,238.78,327.81,261.04,174.26,109.48,41.22,5.08,1331.62,40.75,133.21,1001.9,155.78
1940,11.73,27.6,50.42,28.23,97.73,224.36,364.73,338.45,150.18,79.05,53.18,25.45,1451.07,39.33,176.37,1077.71,157.66
1941,22.71,16.02,16.12,36.23,109.62,236.64,277.8,257.65,179.69,81.99,36.9,27.02,1298.43,38.73,161.99,951.79,145.91
1942,20.29,38.72,21.81,56.37,79.79,271.42,396.59,310.94,198.54,48.13,20.6,28.96,1492.56,59.03,157.98,1177.49,97.7
1943,53.86,11.69,28.47,54.8,122.74,240.54,359.03,249.73,233.44,110.45,26.37,5.86,1482.05,65.53,206.16,1082.75,142.67
1944,27.77,36.17,53.01,35.55,78.98,211.67,396.19,284.67,177.07,107.41,38.3,16.48,1463.27,63.94,167.54,1069.6,162.2
1945,33.23,10.45,17.73,48.22,63.59,207.91,396.28,281.02,231.46,93.47,24.9,6.93,1415.21,43.68,129.55,1116.67,125.31
1946,5.86,16.51,25.93,58.38,91.47,281.52,373.82,335.75,175.55,103.05,80.16,41.03,1590.4,22.37,177.01,1166.63,224.25
1947,20.63,19.1,30.22,51.72,67.93,198.16,377.27,331.66,268.0,84.03,9.73,25.84,1436.29,39.73,149.86,1150.99,119.59
1948,23.24,28.77,38.71,50.71,110.33,220.1,401.06,320.0,188.22,78.17,81.3,8.99,1549.6,52.0,199.75,1129.38,168.47
1949,9.83,26.29,22.0,64.37,130.84,227.38,401.21,282.87,262.09,111.21,13.38,4.28,1549.68,36.12,217.21,1173.53,129.64
1950,24.42,24.03,34.56,32.23,69.6,195.61,400.18,264.22,241.8,74.15,31.56,13.66,1372.29,48.46,136.38,1101.86,119.38
1951,15.79,10.39,41.48,63.44,75.71,235.67,330.86,231.79,148.68,99.51,44.01,17.52,1314.86,26.19,180.63,946.98,161.04
1952,9.29,18.44,37.17,39.12,95.81,232.05,321.37,288.36,131.72,111.16,17.27,22.62,1324.37,27.72,172.11,973.48,151.06
1953,28.74,12.91,26.06,44.42,61.38,220.81,411.77,305.46,196.11,117.05,20.5,8.95,1418.67,41.66,131.86,1134.16,146.38
1954,33.03,33.49,18.89,29.69,75.19,226.59,379.88,285.22,266.5,95.57,6.35,18.08,1468.49,66.52,123.77,1158.19,120.0
1955,23.17,6.22,24.15,39.39,115.45,248.28,293.26,342.14,241.9,179.34,40.76,9.51,1563.55,29.39,178.98,1125.57,229.61
1956,17.18,11.83,31.05,39.5,129.57,278.9,396.32,279.47,185.5,178.75,51.86,12.89,1612.84,29.01,200.12,1140.2,243.5
1957,38.8,13.21,26.83,36.98,91.06,224.07,367.51,307.43,150.88,84.79,37.99,16.49,1325.78,52.01,138.65,1049.88,139.27
1958,13.75,16.06,16.97,39.24,105.7,199.88,365.96,377.11,237.96,131.6,39.74,16.71,1560.67,29.82,161.89,1180.91,188.05
1959,30.71,24.22,22.3,33.43,102.86,243.04,449.9,288.24,268.77,141.73,34.01,9.01,1648.23,54.92,158.61,1249.96,184.74
1960,15.87,5.48,32.33,26.5,107.54,216.56,376.28,263.33,224.77,86.45,48.26,10.52,1413.86,21.34,166.38,1080.92,145.22
1961,27.66,39.49,27.96,32.28,141.68,260.87,415.06,331.94,251.85,143.65,29.16,15.48,1717.1,67.15,201.94,1259.72,188.3
1962,18.17,20.83,15.78,46.8,110.49,179.17,346.98,333.4,241.25,103.12,20.82,42.18,1383.68,38.99,173.09,1100.8,161.78
1963,11.94,12.61,35.06,50.93,80.09,219.3,321.92,383.49,190.59,117.85,32.85,19.81,1476.46,24.54,166.08,1115.32,170.51
1964,15.63,13.66,18.44,42.95,72.2,232.0,406.76,315.16,239.74,86.77,36.59,14.28,1494.2,29.29,133.59,1193.68,137.65
1965,9.64,26.64,26.82,43.22,68.09,179.21,327.28,240.97,150.07,44.21,25.59,47.05,1188.78,36.28,138.12,897.53,116.85
1966,14.63,19.6,17.68,31.75,76.14,215.17,319.15,237.34,178.85,75.77,70.21,27.7,1283.97,34.23,125.57,950.52,173.68
1967,14.72,11.41,57.53,31.16,68.9,198.49,384.06,292.25,181.67,61.81,14.81,50.3,1367.1,26.13,157.57,1056.46,126.93
1968,26.98,19.39,28.49,38.33,59.15,221.14,394.77,228.95,159.85,84.53,28.28,15.12,1305.0,46.37,125.96,1004.71,127.95
1969,14.32,11.72,18.9,42.03,83.26,185.57,370.5,297.63,212.68,67.25,50.69,18.07,1372.63,26.05,144.2,1066.39,136.02
1970,24.42,27.27,21.55,35.17,96.57,269.64,323.5,363.46,236.96,95.07,29.46,7.78,1530.89,51.69,153.29,1193.59,132.33
1971,17.26,22.07,12.45,57.94,109.74,297.52,316.53,305.08,178.63,119.71,22.54,17.7,1477.14,39.33,180.14,1097.74,159.95
1972,8.51,24.74,16.92,42.86,80.61,177.94,266.21,230.43,147.0,82.7,44.0,24.58,1146.49,33.25,140.39,821.58,151.27
1973,17.46,20.42,17.78,30.81,78.87,213.6,309.19,337.31,193.59,128.53,32.4,25.88,1405.83,37.87,127.47,1053.67,186.81
1974,13.35,10.84,21.11,46.58,88.53,164.5,362.54,275.75,180.59,119.87,21.07,10.86,1315.6,24.19,156.22,983.38,151.8
1975,22.08,18.61,23.81,31.84,73.7,254.59,353.25,318.1,263.95,143.77,39.86,6.78,1550.33,40.68,129.35,1189.87,190.41
1976,9.02,21.49,22.95,44.51,68.11,204.88,357.37,324.33,158.02,46.8,71.42,16.14,1345.04,30.51,135.57,1044.6,134.37
1977,18.48,11.98,15.61,72.76,109.39,242.96,388.01,270.16,169.16,109.1,83.08,16.85,1507.52,30.45,197.74,1070.29,209.04
1978,13.35,25.64,39.94,38.74,97.03,291.64,345.59,307.79,184.24,63.88,62.92,18.15,1488.92,38.99,175.72,1129.26,144.95
1979,20.67,31.72,24.46,24.04,56.19,190.55,302.83,234.44,163.08,67.81,86.15,15.56,1217.51,52.39,104.69,890.9,169.52
1980,11.38,18.52,31.36,41.18,84.33,290.29,355.12,314.89,156.73,68.33,31.5,33.3,1436.95,29.89,156.87,1117.05,133.13
1981,25.86,19.32,43.06,43.08,88.02,229.99,357.74,288.19,218.19,58.67,39.69,19.64,1431.43,45.18,174.16,1094.1,118.0
1982,21.02,21.29,43.6,54.2,72.05,195.92,295.85,317.94,141.44,59.78,53.84,13.22,1290.15,42.31,169.86,951.14,126.83
1983,17.97,22.13,36.44,56.03,85.36,200.81,339.24,361.99,287.15,98.32,20.36,25.45,1551.24,40.09,177.83,1189.18,144.13
1984,21.17,39.03,24.6,51.24,75.97,263.28,349.35,261.26,163.44,87.79,21.67,25.37,1384.18,60.21,151.81,1037.33,134.83
1985,20.41,9.78,21.96,40.76,83.08,236.43,324.74,263.72,166.66,129.49,25.97,26.53,1349.51,30.21,145.81,991.53,181.99
1986,13.25,30.42,23.24,48.38,63.34,238.73,279.21,264.69,156.98,84.88,55.41,24.28,1282.79,43.66,134.96,939.58,164.56
1987,14.04,18.75,24.94,44.08,72.87,189.2,253.26,300.49,172.27,110.4,54.7,33.54,1288.56,32.78,141.87,915.25,198.65
1988,6.96,25.57,47.65,47.81,92.63,204.85,445.64,350.01,265.64,66.79,33.5,18.41,1605.47,32.52,188.09,1266.15,118.71
1989,16.91,13.47,25.62,37.28,75.22,249.14,351.88,268.81,192.51,73.47,28.22,15.27,1347.8,30.37,138.11,1062.34,116.95
1990,11.69,39.85,47.46,45.41,151.61,244.51,338.94,339.23,210.7,117.83,43.62,23.46,1614.29,51.55,244.49,1133.37,184.91
1991,12.39,21.1,25.44,50.73,83.9,262.59,351.71,296.93,160.18,80.99,34.44,19.83,1400.22,33.49,160.08,1071.39,135.26
1992,18.27,18.35,21.21,23.78,72.84,201.04,323.78,330.41,180.45,80.16,50.07,4.81,1325.19,36.62,117.84,1035.69,135.03
1993,16.01,22.48,38.87,30.6,84.45,213.89,379.14,239.9,229.84,116.52,40.15,19.07,1430.95,38.49,153.93,1062.8,175.74
1994,21.28,27.42,29.22,54.16,70.03,263.35,408.26,310.65,172.36,102.96,34.69,12.48,1506.84,48.7,153.42,1154.61,150.12
1995,33.18,25.83,25.53,40.91,103.14,196.86,387.3,314.86,217.68,94.83,53.2,7.73,1501.06,59.04,169.59,1116.68,155.76
1996,21.21,21.46,27.46,35.47,70.38,236.63,329.14,312.67,182.43,117.5,21.36,24.49,1400.19,42.68,133.29,1060.87,163.36
1997,12.66,9.64,27.93,45.15,60.12,226.38,368.13,304.29,172.62,69.85,69.57,49.86,1416.18,22.29,133.2,1071.41,189.27
1998,15.48,27.18,42.29,40.67,70.21,239.84,345.41,293.08,240.27,143.61,49.4,19.33,1526.78,42.66,153.18,1118.61,212.34
1999,15.79,10.56,9.22,30.03,131.51,231.39,344.41,242.72,192.64,149.55,21.6,8.63,1388.02,26.35,170.76,1011.13,179.79
2000,19.03,27.75,22.92,47.36,106.33,246.02,301.73,279.74,159.04,63.54,19.87,11.88,1324.19,47.33,176.61,986.53,95.29
2001,9.99,10.94,24.7,53.58,98.44,262.48,305.96,242.81,136.49,119.57,29.29,8.47,1302.7,20.93,176.71,947.72,157.34
2002,16.54,19.66,24.56,48.64,85.85,224.17,184.24,276.92,152.82,80.61,26.56,8.26,1148.83,36.21,159.04,838.14,115.44
2003,8.73,35.13,37.67,39.59,53.23,224.91,359.1,264.39,182.11,116.34,17.79,15.43,1354.46,43.88,130.51,1030.52,149.56
2004,21.57,9.43,13.89,54.88,118.11,221.88,290.9,285.54,147.84,105.01,24.74,4.92,1298.7,30.99,186.9,946.14,134.67
2005,30.16,34.56,40.99,45.2,65.05,201.72,393.35,230.81,237.59,117.79,40.26,18.93,1456.43,64.72,151.26,1063.48,176.98
2006,12.29,9.34,34.61,37.07,122.76,207.47,339.34,305.18,211.99,77.24,38.45,11.08,1406.84,21.63,194.45,1063.98,126.78
2007,2.44,34.83,28.65,42.29,72.12,270.4,363.05,310.5,270.61,76.22,24.0,18.95,1514.07,37.27,143.07,1214.55,119.18
2008,19.42,17.79,50.41,40.51,69.56,259.41,293.27,307.09,192.55,71.02,33.34,13.02,1367.39,37.2,160.48,1052.32,117.38
2009,8.24,10.63,17.1,30.68,79.55,137.05,342.43,220.29,174.62,93.46,61.28,15.37,1192.76,18.88,127.32,883.54,172.55
2010,9.98,12.84,18.57,49.31,86.35,202.62,361.22,305.73,221.62,95.57,75.04,29.35,1468.19,22.82,154.23,1091.18,199.96
2011,14.34,22.77,27.74,49.32,71.56,241.1,314.71,329.39,225.79,53.42,29.86,12.93,1392.96,37.11,148.62,1111.01,96.21
2012,27.49,9.66,11.89,58.24,50.24,183.31,295.35,296.51,234.81,76.63,38.76,13.54,1243.56,37.1,120.37,1009.96,128.91
2013,12.11,36.56,17.48,31.6,82.8,297.42,372.57,264.34,179.25,144.81,27.39,8.82,1475.17,48.68,131.88,1113.57,181.02
2014,16.18,25.65,29.44,22.05,91.01,142.26,309.73,291.23,198.37,81.15,21.11,16.17,1244.34,41.83,142.5,941.57,118.42
2015,19.05,16.83,51.73,76.22,75.53,239.36,269.87,235.71,158.06,61.23,55.57,21.41,1280.58,35.88,203.48,903.01,138.22
